{"oj-c.Avatar":{"ref":"oj-c.Avatar.html","subCategory":"Class","members":" background iconClass initials shape size src","methods":" getProperty setProperties setProperty","decorators":""},"oj-c.Button":{"ref":"oj-c.Button.html","subCategory":"Class","members":" endIcon startIcon chroming disabled display edge label size width","events":" event:ojAction","methods":" getProperty setProperties setProperty","decorators":""},"oj-c.Collapsible":{"ref":"oj-c.Collapsible.html","subCategory":"Class","members":" Default header disabled expanded iconPosition variant","events":" event:ojBeforeCollapse event:ojBeforeExpand event:ojCollapse event:ojExpand","methods":" getProperty setProperties setProperty","decorators":""},"oj-c.FilePicker":{"ref":"oj-c.FilePicker.html","subCategory":"Class","members":" trigger accept capture disabled primaryText secondaryText selectionMode","events":" event:ojBeforeSelect event:ojInvalidSelect event:ojSelect","methods":" blur focus getProperty setProperties setProperty","decorators":""},"oj-c.InputNumber":{"ref":"oj-c.InputNumber.html","subCategory":"Class","members":" autocomplete containerReadonly converter disabled displayOptions displayOptions.converterHint displayOptions.messages displayOptions.validatorHint help help.instruction helpHints helpHints.definition helpHints.source helpHints.sourceText inputPrefix inputSuffix labelEdge labelHint labelStartWidth labelWrapping max messagesCustom messagesCustom[].detail messagesCustom[].severity messagesCustom[].summary min numberRangeExactMessageDetail numberRangeOverflowMessageDetail numberRangeUnderflowMessageDetail placeholder rawValue readonly required requiredMessageDetail step textAlign transientValue userAssistanceDensity valid validators value virtualKeyboard","methods":" getProperty reset setProperties setProperty showMessages validate","decorators":""},"oj-c.InputPassword":{"ref":"oj-c.InputPassword.html","subCategory":"Class","members":" autocomplete clearIcon containerReadonly disabled displayOptions displayOptions.converterHint displayOptions.messages displayOptions.validatorHint help help.instruction helpHints helpHints.definition helpHints.source helpHints.sourceText labelEdge labelHint labelStartWidth labelWrapping maskIcon messagesCustom messagesCustom[].detail messagesCustom[].severity messagesCustom[].summary placeholder rawValue readonly required requiredMessageDetail textAlign userAssistanceDensity valid validators value","methods":" getProperty reset setProperties setProperty showMessages validate","decorators":""},"oj-c.InputText":{"ref":"oj-c.InputText.html","subCategory":"Class","members":" end start autocomplete clearIcon containerReadonly converter disabled displayOptions displayOptions.converterHint displayOptions.messages displayOptions.validatorHint help help.instruction helpHints helpHints.definition helpHints.source helpHints.sourceText inputPrefix inputSuffix labelEdge labelHint labelStartWidth labelWrapping length messagesCustom messagesCustom[].detail messagesCustom[].severity messagesCustom[].summary placeholder rawValue readonly required requiredMessageDetail textAlign userAssistanceDensity valid validators value virtualKeyboard","methods":" getProperty reset setProperties setProperty showMessages validate","decorators":""},"oj-c.ListItemLayout":{"ref":"oj-c.ListItemLayout.html","subCategory":"Class","members":" Default action leading metadata navigation overline quaternary secondary selector tertiary trailing inset","methods":" getProperty setProperties setProperty","decorators":""},"oj-c.MessageToast":{"ref":"oj-c.MessageToast.html","subCategory":"Class","members":" data detailTemplateValue iconTemplateValue offset position","events":" event:ojClose","methods":" getProperty setProperties setProperty","decorators":""},"oj-c.MeterBar":{"ref":"oj-c.MeterBar.html","subCategory":"Class","members":" color datatip describedBy indicatorSize labelledBy max min orientation plotArea readonly referenceLines referenceLines[].color referenceLines[].position referenceLines[].value size step thresholdDisplay thresholds thresholds[].accessibleLabel thresholds[].color thresholds[].max transientValue value","methods":" getProperty setProperties setProperty","decorators":""},"oj-c.MeterCircle":{"ref":"oj-c.MeterCircle.html","subCategory":"Class","members":" centerTemplate angleExtent color datatip describedBy indicatorSize innerRadius labelledBy max min plotArea readonly referenceLines referenceLines[].color referenceLines[].value size startAngle step thresholdDisplay thresholds thresholds[].accessibleLabel thresholds[].color thresholds[].max transientValue value","methods":" getProperty setProperties setProperty","decorators":""},"oj-c.ProgressBar":{"ref":"oj-c.ProgressBar.html","subCategory":"Class","members":" edge max value","methods":" getProperty setProperties setProperty","decorators":""},"oj-c.ProgressCircle":{"ref":"oj-c.ProgressCircle.html","subCategory":"Class","members":" max size value","methods":" getProperty setProperties setProperty","decorators":""},"oj-c.RatingGauge":{"ref":"oj-c.RatingGauge.html","subCategory":"Class","members":" changed color datatip describedBy disabled labelledBy max readonly size step tooltip transientValue value","methods":" getProperty setProperties setProperty","decorators":""},"oj-c.SelectMultiple":{"ref":"oj-c.SelectMultiple.html","subCategory":"Class","members":" containerReadonly data disabled displayOptions displayOptions.messages help help.instruction helpHints helpHints.definition helpHints.source helpHints.sourceText itemText labelEdge labelHint labelStartWidth labelWrapping messagesCustom messagesCustom[].detail messagesCustom[].severity messagesCustom[].summary placeholder readonly required requiredMessageDetail textAlign userAssistanceDensity valid value valueItems virtualKeyboard","methods":" getProperty reset setProperties setProperty showMessages validate","decorators":""},"oj-c.SelectSingle":{"ref":"oj-c.SelectSingle.html","subCategory":"Class","members":" containerReadonly data disabled displayOptions displayOptions.messages help help.instruction helpHints helpHints.definition helpHints.source helpHints.sourceText itemText labelEdge labelHint labelStartWidth labelWrapping messagesCustom messagesCustom[].detail messagesCustom[].severity messagesCustom[].summary placeholder readonly required requiredMessageDetail textAlign userAssistanceDensity valid value valueItem valueItem.data valueItem.key valueItem.metadata valueItem.metadata.indexFromParent valueItem.metadata.isLeaf valueItem.metadata.key valueItem.metadata.message valueItem.metadata.message.detail valueItem.metadata.message.severity valueItem.metadata.message.summary valueItem.metadata.parentKey valueItem.metadata.suggestion valueItem.metadata.treeDepth virtualKeyboard","events":" event:ojValueAction","methods":" getProperty reset setProperties setProperty showMessages validate","decorators":""},"oj-c.SplitMenuButton":{"ref":"oj-c.SplitMenuButton.html","subCategory":"Class","members":" chroming disabled items label size width","events":" event:ojAction","methods":" getProperty setProperties setProperty","decorators":""},"oj-c.TextArea":{"ref":"oj-c.TextArea.html","subCategory":"Class","members":" autocomplete containerReadonly converter disabled displayOptions help help.instruction helpHints helpHints.definition helpHints.source helpHints.sourceText labelEdge labelHint labelStartWidth labelWrapping length maxRows messagesCustom messagesCustom[].detail messagesCustom[].severity messagesCustom[].summary placeholder rawValue readonly required requiredMessageDetail resizeBehavior rows textAlign userAssistanceDensity valid validators value","methods":" getProperty reset setProperties setProperty showMessages validate","decorators":""}}