{
  "name": "rating-gauge",
  "version": "1.0.0",
  "jetVersion": "^14.0.3",
  "type": "composite",
  "pack": "oj-c",
  "implements": [
    "CRatingGaugeElement"
  ],
  "description": "Rating gauges are typically used to display or accept user feedback on a product or service.",
  "displayName": "Rating Gauge",
  "main": "oj-c/rating-gauge",
  "help": "oj-c.RatingGauge.html",
  "extension": {
    "vbdt": {
      "module": "oj-c/rating-gauge"
    },
    "oracle": {
      "icon": "oj-ux-ico-gauge-rating",
      "uxSpecs": [
        "rating-gauge"
      ]
    }
  },
  "since": "13.0.0",
  "properties": {
    "max": {
      "type": "number",
      "description": "The maximum value of the gauge.",
      "displayName": "Max",
      "help": "#max",
      "minimum": 0,
      "value": 5
    },
    "readonly": {
      "type": "boolean",
      "help": "#readonly",
      "displayName": "Readonly",
      "value": false
    },
    "disabled": {
      "type": "boolean",
      "help": "#disabled",
      "displayName": "Disabled",
      "value": false
    },
    "changed": {
      "type": "boolean",
      "description": "Whether there has been a value entered by the user even if it is the same as the initial value.",
      "displayName": "Changed",
      "help": "#changed",
      "writeback": true,
      "value": false
    },
    "value": {
      "type": "number|null",
      "description": "The value of the Rating Gauge.",
      "displayName": "Value",
      "help": "#value",
      "minimum": 0,
      "writeback": true,
      "value": 0
    },
    "step": {
      "type": "number",
      "displayName": "Step",
      "help": "#step",
      "value": 1
    },
    "describedBy": {
      "type": "string|null",
      "displayName": "Described By",
      "help": "#help"
    },
    "labelledBy": {
      "type": "string|null",
      "displayName": "Labelled By",
      "help": "#labelledBy"
    },
    "size": {
      "type": "string",
      "description": "Specifies the size of the rating gauge items.",
      "displayName": "Size",
      "help": "#size",
      "propertyEditorValues": {
        "sm": {
          "description": "small Rating Gauge",
          "displayName": "Small"
        },
        "md": {
          "description": "medium Rating Gauge (default, if unspecified)",
          "displayName": "Medium"
        },
        "lg": {
          "description": "large Rating Gauge",
          "displayName": "Large"
        }
      },
      "enumValues": [
        "sm",
        "md",
        "lg"
      ],
      "value": "md"
    },
    "color": {
      "type": "string",
      "description": "Specifies the color of the rating gauge items.",
      "displayName": "Color",
      "help": "#color",
      "propertyEditorValues": {
        "neutral": {
          "description": "neutral color Rating Gauge (default, if unspecified)",
          "displayName": "Neutral"
        },
        "gold": {
          "description": "gold color Rating Gauge",
          "displayName": "Gold"
        }
      },
      "enumValues": [
        "neutral",
        "gold"
      ],
      "value": "neutral"
    },
    "datatip": {
      "type": "function",
      "displayName": "Datatip",
      "help": "#datatip"
    },
    "tooltip": {
      "type": "string",
      "displayName": "Tooltip",
      "help": "#tooltip"
    },
    "transientValue": {
      "type": "number",
      "displayName": "transientValue",
      "help": "#transientValue",
      "readOnly": true,
      "writeback": true
    }
  },
  "methods": {
    "setProperty": {
      "description": "Sets a property or a single subproperty for complex properties and notifies the component of the change, triggering a corresponding event.",
      "help": "#setProperty",
      "params": [
        {
          "name": "property",
          "description": "The property name to set. Supports dot notation for subproperty access.",
          "type": "string"
        },
        {
          "name": "value",
          "description": "The new value to set the property to.",
          "type": "any"
        }
      ],
      "return": "void"
    },
    "getProperty": {
      "description": "Retrieves the value of a property or a subproperty.",
      "help": "#getProperty",
      "params": [
        {
          "name": "property",
          "description": "The property name to get. Supports dot notation for subproperty access.",
          "type": "string"
        }
      ],
      "return": "any"
    },
    "setProperties": {
      "description": "Performs a batch set of properties.",
      "help": "#setProperties",
      "params": [
        {
          "name": "properties",
          "description": "An object containing the property and value pairs to set.",
          "type": "object"
        }
      ],
      "return": "void"
    }
  }
}